user,message,date
Luna,usedAppsTracker – test_conumer.py,2024-05-22T19:28:17.879865
Luna,usedAppsTracker – test_conumer.py,2024-05-22T19:28:19.057515
Luna,usedAppsTracker – test_conumer.py,2024-05-22T19:28:20.192223
Luna,usedAppsTracker – test_conumer.py,2024-05-22T19:28:21.320379
Luna,usedAppsTracker – test_conumer.py,2024-05-22T19:28:22.454675
Luna,usedAppsTracker – test_conumer.py,2024-05-22T19:28:23.582408
Luna,usedAppsTracker – test_conumer.py,2024-05-22T19:28:24.709408
Luna,usedAppsTracker – test_conumer.py,2024-05-22T19:28:25.833823
Luna,usedAppsTracker – test_conumer.py,2024-05-22T19:28:26.964062
Luna,usedAppsTracker – test_conumer.py,2024-05-22T19:28:28.095816
Luna,usedAppsTracker – test_conumer.py,2024-05-22T19:28:29.224674
Luna,usedAppsTracker – test_conumer.py,2024-05-22T19:28:30.360116
Luna,usedAppsTracker – test_conumer.py,2024-05-22T19:28:31.494406
Luna,usedAppsTracker – test_conumer.py,2024-05-22T19:28:32.624684
Luna,usedAppsTracker – test_conumer.py,2024-05-22T19:28:33.745937
Luna,usedAppsTracker – test_conumer.py,2024-05-22T19:28:34.867853
Luna,usedAppsTracker – test_conumer.py,2024-05-22T19:28:35.986337
Luna,usedAppsTracker – test_conumer.py,2024-05-22T19:28:37.105308
Luna,Process 'main' Is Running,2024-05-22T19:28:38.225551
